<?xml version="1.0" encoding="UTF-8"?>
<tiled_model version="1.2.0">
  <params>
    <channelCount>3</channelCount>
    <dataType>uint8</dataType>
    <channels>
      <red>0</red>
      <green>1</green>
      <blue>2</blue>
    </channels>
    <bands>
      <band label="Red"/>
      <band label="Green"/>
      <band label="Blue"/>
    </bands>
  </params>
  <tiles>
    <tile path="tiled_model.tls"/>
  </tiles>
  <transform>1.0000000000000000e+00 0.0000000000000000e+00 0.0000000000000000e+00 -7.1069560498978444e+00 0.0000000000000000e+00 1.0000000000000000e+00 0.0000000000000000e+00 -5.2661189969791788e+00 0.0000000000000000e+00 0.0000000000000000e+00 1.0000000000000000e+00 -7.5599032428787662e+00 0.0000000000000000e+00 0.0000000000000000e+00 0.0000000000000000e+00 1.0000000000000000e+00</transform>
  <meta>
    <property name="BuildDepthMaps/cameras" value=""/>
    <property name="BuildDepthMaps/downscale" value="2"/>
    <property name="BuildDepthMaps/duration" value="127.072101"/>
    <property name="BuildDepthMaps/filter_mode" value="0"/>
    <property name="BuildDepthMaps/max_neighbors" value="16"/>
    <property name="BuildDepthMaps/max_workgroup_size" value="100"/>
    <property name="BuildDepthMaps/ram_used" value="1044103168"/>
    <property name="BuildDepthMaps/reuse_depth" value="false"/>
    <property name="BuildDepthMaps/subdivide_task" value="true"/>
    <property name="BuildDepthMaps/workitem_size_cameras" value="20"/>
    <property name="BuildTiledModel/average_fill_ratio" value="0.35905185811285"/>
    <property name="BuildTiledModel/block_count" value="996"/>
    <property name="BuildTiledModel/classes" value=""/>
    <property name="BuildTiledModel/duration" value="39.409653"/>
    <property name="BuildTiledModel/face_count" value="100000"/>
    <property name="BuildTiledModel/frames" value=""/>
    <property name="BuildTiledModel/ghosting_filter" value="false"/>
    <property name="BuildTiledModel/keep_depth" value="true"/>
    <property name="BuildTiledModel/max_workgroup_size" value="100"/>
    <property name="BuildTiledModel/merge" value="false"/>
    <property name="BuildTiledModel/nlevels" value="7"/>
    <property name="BuildTiledModel/nnodes" value="996"/>
    <property name="BuildTiledModel/operand_asset" value="4294967295"/>
    <property name="BuildTiledModel/operand_chunk" value="4294967295"/>
    <property name="BuildTiledModel/operand_frame" value="4294967295"/>
    <property name="BuildTiledModel/pixel_size" value="0.0011377799999999999"/>
    <property name="BuildTiledModel/ram_used" value="1276878848"/>
    <property name="BuildTiledModel/replace_asset" value="false"/>
    <property name="BuildTiledModel/resolution" value="0.00113778"/>
    <property name="BuildTiledModel/source_data" value="6"/>
    <property name="BuildTiledModel/subdivide_task" value="true"/>
    <property name="BuildTiledModel/tile_size" value="256"/>
    <property name="BuildTiledModel/total_page_count" value="1845"/>
    <property name="BuildTiledModel/transfer_texture" value="false"/>
    <property name="BuildTiledModel/workitem_size_cameras" value="20"/>
    <property name="Info/LastSavedDateTime" value="2025:05:11 09:27:38"/>
    <property name="Info/LastSavedSoftwareVersion" value="2.2.1.20539"/>
    <property name="Info/OriginalDateTime" value="2025:05:11 09:27:38"/>
    <property name="Info/OriginalSoftwareVersion" value="2.2.1.20539"/>
  </meta>
</tiled_model>
