<?xml version="1.0" encoding="UTF-8"?>
<depth_maps version="1.5.0">
  <depth_map camera_id="0" level="0" path="0/d0.exr">
    <calibration type="frame">
      <resolution width="1170" height="1182"/>
      <f>1445.6733023637507</f>
      <cx>45.681212861141944</cx>
      <cy>-6.1114021684908266</cy>
    </calibration>
  </depth_map>
  <depth_map camera_id="0" level="1" path="1/d0.exr">
    <calibration type="frame">
      <resolution width="585" height="591"/>
      <f>722.83665118187537</f>
      <cx>22.840606430570972</cx>
      <cy>-3.0557010842454133</cy>
    </calibration>
  </depth_map>
  <depth_map camera_id="0" level="2" path="2/d0.exr">
    <calibration type="frame">
      <resolution width="293" height="296"/>
      <f>361.41832559093768</f>
      <cx>11.170303215285486</cx>
      <cy>-1.7778505421227067</cy>
    </calibration>
  </depth_map>
  <depth_map camera_id="1" level="0" path="0/d1.exr">
    <calibration type="frame">
      <resolution width="1170" height="1182"/>
      <f>1445.6733023637507</f>
      <cx>45.681212861141944</cx>
      <cy>-6.1114021684908266</cy>
    </calibration>
  </depth_map>
  <depth_map camera_id="1" level="1" path="1/d1.exr">
    <calibration type="frame">
      <resolution width="585" height="591"/>
      <f>722.83665118187537</f>
      <cx>22.840606430570972</cx>
      <cy>-3.0557010842454133</cy>
    </calibration>
  </depth_map>
  <depth_map camera_id="1" level="2" path="2/d1.exr">
    <calibration type="frame">
      <resolution width="293" height="296"/>
      <f>361.41832559093768</f>
      <cx>11.170303215285486</cx>
      <cy>-1.7778505421227067</cy>
    </calibration>
  </depth_map>
  <depth_map camera_id="2" level="0" path="0/d2.exr">
    <calibration type="frame">
      <resolution width="1170" height="1182"/>
      <f>1445.6733023637507</f>
      <cx>45.681212861141944</cx>
      <cy>-6.1114021684908266</cy>
    </calibration>
  </depth_map>
  <depth_map camera_id="2" level="1" path="1/d2.exr">
    <calibration type="frame">
      <resolution width="585" height="591"/>
      <f>722.83665118187537</f>
      <cx>22.840606430570972</cx>
      <cy>-3.0557010842454133</cy>
    </calibration>
  </depth_map>
  <depth_map camera_id="2" level="2" path="2/d2.exr">
    <calibration type="frame">
      <resolution width="293" height="296"/>
      <f>361.41832559093768</f>
      <cx>11.170303215285486</cx>
      <cy>-1.7778505421227067</cy>
    </calibration>
  </depth_map>
  <depth_map camera_id="3" level="0" path="0/d3.exr">
    <calibration type="frame">
      <resolution width="1170" height="1182"/>
      <f>1445.6733023637507</f>
      <cx>45.681212861141944</cx>
      <cy>-6.1114021684908266</cy>
    </calibration>
  </depth_map>
  <depth_map camera_id="3" level="1" path="1/d3.exr">
    <calibration type="frame">
      <resolution width="585" height="591"/>
      <f>722.83665118187537</f>
      <cx>22.840606430570972</cx>
      <cy>-3.0557010842454133</cy>
    </calibration>
  </depth_map>
  <depth_map camera_id="3" level="2" path="2/d3.exr">
    <calibration type="frame">
      <resolution width="293" height="296"/>
      <f>361.41832559093768</f>
      <cx>11.170303215285486</cx>
      <cy>-1.7778505421227067</cy>
    </calibration>
  </depth_map>
  <depth_map camera_id="4" level="0" path="0/d4.exr">
    <calibration type="frame">
      <resolution width="1170" height="1182"/>
      <f>1445.6733023637507</f>
      <cx>45.681212861141944</cx>
      <cy>-6.1114021684908266</cy>
    </calibration>
  </depth_map>
  <depth_map camera_id="4" level="1" path="1/d4.exr">
    <calibration type="frame">
      <resolution width="585" height="591"/>
      <f>722.83665118187537</f>
      <cx>22.840606430570972</cx>
      <cy>-3.0557010842454133</cy>
    </calibration>
  </depth_map>
  <depth_map camera_id="4" level="2" path="2/d4.exr">
    <calibration type="frame">
      <resolution width="293" height="296"/>
      <f>361.41832559093768</f>
      <cx>11.170303215285486</cx>
      <cy>-1.7778505421227067</cy>
    </calibration>
  </depth_map>
  <depth_map camera_id="5" level="0" path="0/d5.exr">
    <calibration type="frame">
      <resolution width="1170" height="1182"/>
      <f>1445.6733023637507</f>
      <cx>45.681212861141944</cx>
      <cy>-6.1114021684908266</cy>
    </calibration>
  </depth_map>
  <depth_map camera_id="5" level="1" path="1/d5.exr">
    <calibration type="frame">
      <resolution width="585" height="591"/>
      <f>722.83665118187537</f>
      <cx>22.840606430570972</cx>
      <cy>-3.0557010842454133</cy>
    </calibration>
  </depth_map>
  <depth_map camera_id="5" level="2" path="2/d5.exr">
    <calibration type="frame">
      <resolution width="293" height="296"/>
      <f>361.41832559093768</f>
      <cx>11.170303215285486</cx>
      <cy>-1.7778505421227067</cy>
    </calibration>
  </depth_map>
  <depth_map camera_id="6" level="0" path="0/d6.exr">
    <calibration type="frame">
      <resolution width="1170" height="1182"/>
      <f>1445.6733023637507</f>
      <cx>45.681212861141944</cx>
      <cy>-6.1114021684908266</cy>
    </calibration>
  </depth_map>
  <depth_map camera_id="6" level="1" path="1/d6.exr">
    <calibration type="frame">
      <resolution width="585" height="591"/>
      <f>722.83665118187537</f>
      <cx>22.840606430570972</cx>
      <cy>-3.0557010842454133</cy>
    </calibration>
  </depth_map>
  <depth_map camera_id="6" level="2" path="2/d6.exr">
    <calibration type="frame">
      <resolution width="293" height="296"/>
      <f>361.41832559093768</f>
      <cx>11.170303215285486</cx>
      <cy>-1.7778505421227067</cy>
    </calibration>
  </depth_map>
  <depth_map camera_id="7" level="0" path="0/d7.exr">
    <calibration type="frame">
      <resolution width="1170" height="1173"/>
      <f>1422.1581789423767</f>
      <cx>7.3867125451881748</cx>
      <cy>4.334617183124351</cy>
    </calibration>
  </depth_map>
  <depth_map camera_id="7" level="1" path="1/d7.exr">
    <calibration type="frame">
      <resolution width="585" height="587"/>
      <f>711.07908947118835</f>
      <cx>3.6933562725940874</cx>
      <cy>1.9173085915621755</cy>
    </calibration>
  </depth_map>
  <depth_map camera_id="7" level="2" path="2/d7.exr">
    <calibration type="frame">
      <resolution width="293" height="294"/>
      <f>355.53954473559418</f>
      <cx>1.5966781362970437</cx>
      <cy>0.70865429578108774</cy>
    </calibration>
  </depth_map>
  <depth_map camera_id="8" level="0" path="0/d8.exr">
    <calibration type="frame">
      <resolution width="1170" height="1173"/>
      <f>1422.1581789423767</f>
      <cx>7.3867125451881748</cx>
      <cy>4.334617183124351</cy>
    </calibration>
  </depth_map>
  <depth_map camera_id="8" level="1" path="1/d8.exr">
    <calibration type="frame">
      <resolution width="585" height="587"/>
      <f>711.07908947118835</f>
      <cx>3.6933562725940874</cx>
      <cy>1.9173085915621755</cy>
    </calibration>
  </depth_map>
  <depth_map camera_id="8" level="2" path="2/d8.exr">
    <calibration type="frame">
      <resolution width="293" height="294"/>
      <f>355.53954473559418</f>
      <cx>1.5966781362970437</cx>
      <cy>0.70865429578108774</cy>
    </calibration>
  </depth_map>
  <depth_map camera_id="9" level="0" path="0/d9.exr">
    <calibration type="frame">
      <resolution width="1170" height="1173"/>
      <f>1422.1581789423767</f>
      <cx>7.3867125451881748</cx>
      <cy>4.334617183124351</cy>
    </calibration>
  </depth_map>
  <depth_map camera_id="9" level="1" path="1/d9.exr">
    <calibration type="frame">
      <resolution width="585" height="587"/>
      <f>711.07908947118835</f>
      <cx>3.6933562725940874</cx>
      <cy>1.9173085915621755</cy>
    </calibration>
  </depth_map>
  <depth_map camera_id="9" level="2" path="2/d9.exr">
    <calibration type="frame">
      <resolution width="293" height="294"/>
      <f>355.53954473559418</f>
      <cx>1.5966781362970437</cx>
      <cy>0.70865429578108774</cy>
    </calibration>
  </depth_map>
  <depth_map camera_id="10" level="0" path="0/d10.exr">
    <calibration type="frame">
      <resolution width="1170" height="1173"/>
      <f>1422.1581789423767</f>
      <cx>7.3867125451881748</cx>
      <cy>4.334617183124351</cy>
    </calibration>
  </depth_map>
  <depth_map camera_id="10" level="1" path="1/d10.exr">
    <calibration type="frame">
      <resolution width="585" height="587"/>
      <f>711.07908947118835</f>
      <cx>3.6933562725940874</cx>
      <cy>1.9173085915621755</cy>
    </calibration>
  </depth_map>
  <depth_map camera_id="10" level="2" path="2/d10.exr">
    <calibration type="frame">
      <resolution width="293" height="294"/>
      <f>355.53954473559418</f>
      <cx>1.5966781362970437</cx>
      <cy>0.70865429578108774</cy>
    </calibration>
  </depth_map>
  <depth_map camera_id="11" level="0" path="0/d11.exr">
    <calibration type="frame">
      <resolution width="1170" height="1173"/>
      <f>1422.1581789423767</f>
      <cx>7.3867125451881748</cx>
      <cy>4.334617183124351</cy>
    </calibration>
  </depth_map>
  <depth_map camera_id="11" level="1" path="1/d11.exr">
    <calibration type="frame">
      <resolution width="585" height="587"/>
      <f>711.07908947118835</f>
      <cx>3.6933562725940874</cx>
      <cy>1.9173085915621755</cy>
    </calibration>
  </depth_map>
  <depth_map camera_id="11" level="2" path="2/d11.exr">
    <calibration type="frame">
      <resolution width="293" height="294"/>
      <f>355.53954473559418</f>
      <cx>1.5966781362970437</cx>
      <cy>0.70865429578108774</cy>
    </calibration>
  </depth_map>
  <depth_map camera_id="12" level="0" path="0/d12.exr">
    <calibration type="frame">
      <resolution width="1170" height="1173"/>
      <f>1422.1581789423767</f>
      <cx>7.3867125451881748</cx>
      <cy>4.334617183124351</cy>
    </calibration>
  </depth_map>
  <depth_map camera_id="12" level="1" path="1/d12.exr">
    <calibration type="frame">
      <resolution width="585" height="587"/>
      <f>711.07908947118835</f>
      <cx>3.6933562725940874</cx>
      <cy>1.9173085915621755</cy>
    </calibration>
  </depth_map>
  <depth_map camera_id="12" level="2" path="2/d12.exr">
    <calibration type="frame">
      <resolution width="293" height="294"/>
      <f>355.53954473559418</f>
      <cx>1.5966781362970437</cx>
      <cy>0.70865429578108774</cy>
    </calibration>
  </depth_map>
  <depth_map camera_id="13" level="0" path="0/d13.exr">
    <calibration type="frame">
      <resolution width="1170" height="1173"/>
      <f>1422.1581789423767</f>
      <cx>7.3867125451881748</cx>
      <cy>4.334617183124351</cy>
    </calibration>
  </depth_map>
  <depth_map camera_id="13" level="1" path="1/d13.exr">
    <calibration type="frame">
      <resolution width="585" height="587"/>
      <f>711.07908947118835</f>
      <cx>3.6933562725940874</cx>
      <cy>1.9173085915621755</cy>
    </calibration>
  </depth_map>
  <depth_map camera_id="13" level="2" path="2/d13.exr">
    <calibration type="frame">
      <resolution width="293" height="294"/>
      <f>355.53954473559418</f>
      <cx>1.5966781362970437</cx>
      <cy>0.70865429578108774</cy>
    </calibration>
  </depth_map>
  <depth_map camera_id="14" level="0" path="0/d14.exr">
    <calibration type="frame">
      <resolution width="1170" height="1173"/>
      <f>1422.1581789423767</f>
      <cx>7.3867125451881748</cx>
      <cy>4.334617183124351</cy>
    </calibration>
  </depth_map>
  <depth_map camera_id="14" level="1" path="1/d14.exr">
    <calibration type="frame">
      <resolution width="585" height="587"/>
      <f>711.07908947118835</f>
      <cx>3.6933562725940874</cx>
      <cy>1.9173085915621755</cy>
    </calibration>
  </depth_map>
  <depth_map camera_id="14" level="2" path="2/d14.exr">
    <calibration type="frame">
      <resolution width="293" height="294"/>
      <f>355.53954473559418</f>
      <cx>1.5966781362970437</cx>
      <cy>0.70865429578108774</cy>
    </calibration>
  </depth_map>
</depth_maps>
