<?xml version="1.0" encoding="UTF-8"?>
<frame version="1.2.0">
  <cameras>
    <camera camera_id="0">
      <photo path="../../../Agisoft_Dataset/AS17-137-20903HR.png">
        <meta>
          <property name="File/ImageHeight" value="2364"/>
          <property name="File/ImageWidth" value="2340"/>
          <property name="System/FileModifyDate" value="2025:04:24 10:11:52"/>
          <property name="System/FileSize" value="9667592"/>
        </meta>
      </photo>
    </camera>
    <camera camera_id="1">
      <photo path="../../../Agisoft_Dataset/AS17-137-20904HR.png">
        <meta>
          <property name="File/ImageHeight" value="2364"/>
          <property name="File/ImageWidth" value="2340"/>
          <property name="System/FileModifyDate" value="2025:04:24 10:11:54"/>
          <property name="System/FileSize" value="9550135"/>
        </meta>
      </photo>
    </camera>
    <camera camera_id="2">
      <photo path="../../../Agisoft_Dataset/AS17-137-20905HR.png">
        <meta>
          <property name="File/ImageHeight" value="2364"/>
          <property name="File/ImageWidth" value="2340"/>
          <property name="System/FileModifyDate" value="2025:04:24 10:11:56"/>
          <property name="System/FileSize" value="8531077"/>
        </meta>
      </photo>
    </camera>
    <camera camera_id="3">
      <photo path="../../../Agisoft_Dataset/AS17-137-20906HR.png">
        <meta>
          <property name="File/ImageHeight" value="2364"/>
          <property name="File/ImageWidth" value="2340"/>
          <property name="System/FileModifyDate" value="2025:04:24 10:11:58"/>
          <property name="System/FileSize" value="8666552"/>
        </meta>
      </photo>
    </camera>
    <camera camera_id="4">
      <photo path="../../../Agisoft_Dataset/AS17-137-20907HR.png">
        <meta>
          <property name="File/ImageHeight" value="2364"/>
          <property name="File/ImageWidth" value="2340"/>
          <property name="System/FileModifyDate" value="2025:04:24 10:11:59"/>
          <property name="System/FileSize" value="4809564"/>
        </meta>
      </photo>
    </camera>
    <camera camera_id="5">
      <photo path="../../../Agisoft_Dataset/AS17-137-20908HR.png">
        <meta>
          <property name="File/ImageHeight" value="2364"/>
          <property name="File/ImageWidth" value="2340"/>
          <property name="System/FileModifyDate" value="2025:04:24 10:12:01"/>
          <property name="System/FileSize" value="5842660"/>
        </meta>
      </photo>
    </camera>
    <camera camera_id="6">
      <photo path="../../../Agisoft_Dataset/AS17-137-20909HR.png">
        <meta>
          <property name="File/ImageHeight" value="2364"/>
          <property name="File/ImageWidth" value="2340"/>
          <property name="System/FileModifyDate" value="2025:04:24 10:12:02"/>
          <property name="System/FileSize" value="5467354"/>
        </meta>
      </photo>
    </camera>
    <camera camera_id="7">
      <photo path="../../../Agisoft_Dataset/AS17-138-21030HR.png">
        <meta>
          <property name="File/ImageHeight" value="2345"/>
          <property name="File/ImageWidth" value="2340"/>
          <property name="System/FileModifyDate" value="2025:04:24 10:12:03"/>
          <property name="System/FileSize" value="3379768"/>
        </meta>
      </photo>
    </camera>
    <camera camera_id="8">
      <photo path="../../../Agisoft_Dataset/AS17-138-21031HR.png">
        <meta>
          <property name="File/ImageHeight" value="2345"/>
          <property name="File/ImageWidth" value="2340"/>
          <property name="System/FileModifyDate" value="2025:04:24 10:12:05"/>
          <property name="System/FileSize" value="3828004"/>
        </meta>
      </photo>
    </camera>
    <camera camera_id="9">
      <photo path="../../../Agisoft_Dataset/AS17-138-21032HR.png">
        <meta>
          <property name="File/ImageHeight" value="2345"/>
          <property name="File/ImageWidth" value="2340"/>
          <property name="System/FileModifyDate" value="2025:04:24 10:12:06"/>
          <property name="System/FileSize" value="4039898"/>
        </meta>
      </photo>
    </camera>
    <camera camera_id="10">
      <photo path="../../../Agisoft_Dataset/AS17-138-21033HR.png">
        <meta>
          <property name="File/ImageHeight" value="2345"/>
          <property name="File/ImageWidth" value="2340"/>
          <property name="System/FileModifyDate" value="2025:04:24 10:12:07"/>
          <property name="System/FileSize" value="3787434"/>
        </meta>
      </photo>
    </camera>
    <camera camera_id="11">
      <photo path="../../../Agisoft_Dataset/AS17-138-21034HR.png">
        <meta>
          <property name="File/ImageHeight" value="2345"/>
          <property name="File/ImageWidth" value="2340"/>
          <property name="System/FileModifyDate" value="2025:04:24 10:12:08"/>
          <property name="System/FileSize" value="4176653"/>
        </meta>
      </photo>
    </camera>
    <camera camera_id="12">
      <photo path="../../../Agisoft_Dataset/AS17-138-21035HR.png">
        <meta>
          <property name="File/ImageHeight" value="2345"/>
          <property name="File/ImageWidth" value="2340"/>
          <property name="System/FileModifyDate" value="2025:04:24 10:12:09"/>
          <property name="System/FileSize" value="4129071"/>
        </meta>
      </photo>
    </camera>
    <camera camera_id="13">
      <photo path="../../../Agisoft_Dataset/AS17-138-21036HR.png">
        <meta>
          <property name="File/ImageHeight" value="2345"/>
          <property name="File/ImageWidth" value="2340"/>
          <property name="System/FileModifyDate" value="2025:04:24 10:12:10"/>
          <property name="System/FileSize" value="3755796"/>
        </meta>
      </photo>
    </camera>
    <camera camera_id="14">
      <photo path="../../../Agisoft_Dataset/AS17-138-21037HR.png">
        <meta>
          <property name="File/ImageHeight" value="2345"/>
          <property name="File/ImageWidth" value="2340"/>
          <property name="System/FileModifyDate" value="2025:04:24 10:12:11"/>
          <property name="System/FileSize" value="3729104"/>
        </meta>
      </photo>
    </camera>
  </cameras>
  <thumbnails path="thumbnails/thumbnails.zip"/>
  <point_cloud path="point_cloud/point_cloud.zip"/>
  <depth_maps id="0" path="depth_maps/depth_maps.zip"/>
  <dense_cloud id="0" path="dense_cloud/dense_cloud.zip"/>
  <model id="0" path="model.1/model.zip"/>
  <tiled_model id="0" path="tiled_model/tiled_model.zip"/>
</frame>
