<?xml version="1.0" encoding="UTF-8"?>
<point_cloud version="1.2.0">
  <params>
    <dataType>uint8</dataType>
    <bands>
      <band label="Red"/>
      <band label="Green"/>
      <band label="Blue"/>
    </bands>
  </params>
  <tracks path="tracks.ply" count="15263"/>
  <points component_id="0" path="points0.ply" count="11888"/>
  <projections camera_id="0" path="p0.ply" count="4152"/>
  <projections camera_id="1" path="p1.ply" count="4161"/>
  <projections camera_id="2" path="p2.ply" count="4401"/>
  <projections camera_id="3" path="p3.ply" count="4152"/>
  <projections camera_id="4" path="p4.ply" count="4059"/>
  <projections camera_id="5" path="p5.ply" count="5546"/>
  <projections camera_id="6" path="p6.ply" count="4151"/>
  <projections camera_id="7" path="p7.ply" count="1405"/>
  <projections camera_id="8" path="p8.ply" count="2750"/>
  <projections camera_id="9" path="p9.ply" count="3156"/>
  <projections camera_id="10" path="p10.ply" count="1856"/>
  <projections camera_id="11" path="p11.ply" count="1211"/>
  <projections camera_id="12" path="p12.ply" count="2958"/>
  <projections camera_id="13" path="p13.ply" count="505"/>
  <projections camera_id="14" path="p14.ply" count="532"/>
  <meta>
    <property name="Info/LastSavedDateTime" value="2025:05:11 09:22:35"/>
    <property name="Info/LastSavedSoftwareVersion" value="2.2.1.20539"/>
    <property name="Info/OriginalDateTime" value="2025:05:11 09:22:32"/>
    <property name="Info/OriginalSoftwareVersion" value="2.2.1.20539"/>
    <property name="MatchPhotos/cameras" value=""/>
    <property name="MatchPhotos/descriptor_type" value="binary"/>
    <property name="MatchPhotos/descriptor_version" value="1.1.0"/>
    <property name="MatchPhotos/downscale" value="0"/>
    <property name="MatchPhotos/downscale_3d" value="1"/>
    <property name="MatchPhotos/duration" value="8.036991"/>
    <property name="MatchPhotos/filter_stationary_points" value="true"/>
    <property name="MatchPhotos/generic_preselection" value="true"/>
    <property name="MatchPhotos/guided_matching" value="false"/>
    <property name="MatchPhotos/keep_keypoints" value="false"/>
    <property name="MatchPhotos/keypoint_limit" value="40000"/>
    <property name="MatchPhotos/keypoint_limit_3d" value="100000"/>
    <property name="MatchPhotos/keypoint_limit_per_mpx" value="1000"/>
    <property name="MatchPhotos/laser_scans_use_initial_orientation" value="false"/>
    <property name="MatchPhotos/laser_scans_vertical_axis" value="0"/>
    <property name="MatchPhotos/match_laser_scans" value="false"/>
    <property name="MatchPhotos/max_workgroup_size" value="100"/>
    <property name="MatchPhotos/ram_used" value="857468928"/>
    <property name="MatchPhotos/reference_preselection" value="false"/>
    <property name="MatchPhotos/reference_preselection_mode" value="0"/>
    <property name="MatchPhotos/reset_matches" value="false"/>
    <property name="MatchPhotos/subdivide_task" value="true"/>
    <property name="MatchPhotos/tiepoint_limit" value="4000"/>
    <property name="MatchPhotos/workitem_size_cameras" value="20"/>
    <property name="MatchPhotos/workitem_size_pairs" value="80"/>
  </meta>
</point_cloud>
